{"cameraMode":{"drawMode":0,"name":"Shaded","section":"Shading Mode"},"sceneLighting":false,"audioPlay":false,"sceneViewState":{"showFog":true,"showMaterialUpdate":false,"showSkybox":false,"showFlares":true,"showImageEffects":true,"showParticleSystems":true},"in2DMode":false,"pivot":{"x":4.403267860412598,"y":5.935468673706055,"z":75.14460754394531},"rotation":{"x":-0.6225776672363281,"y":-0.003296355251222849,"z":0.002608028007671237,"w":-0.7826090455055237},"size":25.944732666015626,"orthographic":false}