{"cameraMode":{"drawMode":0,"name":"Shaded","section":"Shading Mode"},"sceneLighting":false,"audioPlay":false,"sceneViewState":{"showFog":true,"showMaterialUpdate":false,"showSkybox":false,"showFlares":true,"showImageEffects":true,"showParticleSystems":true},"in2DMode":false,"pivot":{"x":254.53953552246095,"y":257.40673828125,"z":0.0},"rotation":{"x":-0.5472161769866943,"y":-0.0010146183194592596,"z":0.0006467767525464296,"w":-0.8370531797409058},"size":44.14712142944336,"orthographic":false}